<?xml version="1.0"?>
<odoo noupdate="1">
    <record id="ir_cron_sync_keycloak_users" model="ir.cron">
        <field name="name">Keycloak: Sync Users</field>
        <field name="interval_number">1</field>
        <field name="interval_type">days</field>
        <field name="numbercall">-1</field>
        <field name="doall" eval="False"/>
        <field name="model_id" ref="model_auth_oauth_provider"/>
        <field name="code">model._sync_users()</field>
        <field name="state">code</field>
    </record>
</odoo>
